CERTIFICATION,GENRE,APPELLATION,MENTION,LIEU,COULEUR,CEPAGE,LIBELLE_PRODUIT,IDENTIFIANT INAO
AOP,,Anjou,,,Blanc,,Anjou Blanc,1B200
AOP,,Anjou,,,Rouge,Gamay,Anjou Gamay,1R203S
AOP,,Anjou,,,Rouge,,Anjou Rouge,1R200S
AOP,,Anjou,Primeur,,Rouge,Gamay,Anjou Gamay Primeur,1R203S01
AOP,,Anjou Coteaux de la Loire,,,Blanc,Chenin,Anjou Coteaux de la Loire,1B202L
AOP,,Anjou-Villages,,,Rouge,,Anjou-Villages,1R204S
AOP,,Anjou-Villages Brissac,,,Rouge,,Anjou-Villages Brissac,1R217S
AOP,,Bonnezeaux,,,Blanc,,Bonnezeaux,1B210L
AOP,,Cabernet d'Anjou,,,Rosé,,Cabernet d'Anjou,1S201D
AOP,,Cabernet de Saumur,,,Rosé,,Cabernet de Saumur,1S207
AOP,,Chinon,,,Blanc,Chenin,Chinon Blanc,1B222S
AOP,,Chinon,,,Rouge,Cabernet Franc,Chinon Rouge,1R222S
AOP,,Chinon,,,Rosé,Cabernet Franc,Chinon Rosé,1S222S
AOP,,Coteaux d'Ancenis,,,Blanc,Chenin,Coteaux d'Ancenis Blanc Chenin,1B707S01
AOP,,Coteaux d'Ancenis,,,Blanc,Malvoisie,Coteaux d'Ancenis Blanc Malvoisie,1B707S
AOP,,Coteaux d'Ancenis,,,Rouge,Gamay,Coteaux d'Ancenis Rouge Gamay,1R707S03
AOP,,Coteaux d'Ancenis,,,Rouge,Cabernet,Coteaux d'Ancenis Rouge Cabernet,1R707S02
AOP,,Coteaux d'Ancenis,,,Rosé,Gamay,Coteaux d'Ancenis Rosé Gamay,1S707S03
AOP,,Coteaux d'Ancenis,,,Rosé,Cabernet,Coteaux d'Ancenis Rosé Cabernet,1S707S02
AOP,,Coteaux de l'Aubance,,,Blanc,Chenin,Coteaux de l'Aubance,1B211L
AOP,,Coteaux de l'Aubance,SGN,,Blanc,Chenin,Coteaux de l'Aubance SGN,1B211L01
AOP,,Coteaux de Saumur,,,Blanc,Chenin,Coteaux de Saumur,1B213L
AOP,,Coteaux du Layon,,,Blanc,Chenin,Coteaux du Layon,1B212L
AOP,,Coteaux du Layon,,Beaulieu,Blanc,,Coteaux du Layon Beaulieu,1B212L01
AOP,,Coteaux du Layon,,Rochefort,Blanc,,Coteaux du Layon Rochefort,1B212L05
AOP,,Coteaux du Layon,,Rablay,Blanc,,Coteaux du Layon Rablay,1B212L04
AOP,,Coteaux du Layon,,Faye,Blanc,,Coteaux du Layon Faye,1B212L03
AOP,,Coteaux du Layon,,St Aubin,Blanc,,Coteaux du Layon St Aubin,1B212L06
AOP,,Coteaux du Layon,,St Lambert,Blanc,,Coteaux du Layon St Lambert,1B212L07
AOP,,Coteaux du Layon,,1er Cru Chaume,Blanc,Chenin,Coteaux du Layon 1er Cru Chaume,1B212L02
AOP,,Coteaux du Layon,SGN,,Blanc,,Coteaux du Layon SGN,1B212L10
AOP,,Coteaux du Layon,SGN,Beaulieu,Blanc,,Coteaux du Layon Beaulieu SGN,1B212L11
AOP,,Coteaux du Layon,SGN,Faye,Blanc,,Coteaux du Layon Faye SGN,1B212L13
AOP,,Coteaux du Layon,SGN,Rablay,Blanc,,Coteaux du Layon Rablay SGN,1B212L14
AOP,,Coteaux du Layon,SGN,Rochefort,Blanc,,Coteaux du Layon Rochefort SGN,1B212L15
AOP,,Coteaux du Layon,SGN,St Aubin,Blanc,,Coteaux du Layon St Aubin SGN,1B212L16
AOP,,Coteaux du Layon,SGN,St Lambert,Blanc,,Coteaux du Layon St Lambert SGN,1B212L17
AOP,,Coteaux du Layon,Villages,,Blanc,Chenin,Coteaux du Layon Villages,1B212L
AOP,,Coteaux du loir,,,Blanc,Chenin,Coteaux du loir Blanc,1B223
AOP,,Coteaux du loir,,,Rouge,,Coteaux du loir Rouge,1R223S
AOP,,Coteaux du loir,,,Rosé,,Coteaux du loir Rosé,1S223S
AOP,,Gros plant,,,Blanc,Folle blanche,Gros plant,1B708
AOP,,Gros plant,Sur lie,,Blanc,Folle blanche,Gros plant Sur lie,1B708 01
AOP,,Jasnières,,,Blanc,Chenin,Jasnières,1B224
AOP,,Muscadet AC,,,Blanc,Melon,Muscadet AC,1B228
AOP,,Muscadet AC,Sur lie,,Blanc,Melon,Muscadet AC Sur lie,1B228 01
AOP,,Muscadet AC,Primeur,,Blanc,Melon,Muscadet AC Primeur,1B228 02
AOP,,Muscadet Coteaux de la Loire,,,Blanc,Melon,Muscadet Coteaux de la Loire,1B229
AOP,,Muscadet Coteaux de la Loire,Sur lie,,Blanc,Melon,Muscadet Coteaux de la Loire Sur lie,1B229 01
AOP,,Muscadet Côtes de Grand Lieu,,,Blanc,Melon,Muscadet Côtes de Grand Lieu,1B227
AOP,,Muscadet Côtes de Grand Lieu,Sur lie,,Blanc,Melon,Muscadet Côtes de Grand Lieu Sur lie,1B227 01
AOP,,Muscadet Sèvre et Maine,,,Blanc,Melon,Muscadet Sèvre et Maine,1B230
AOP,,Muscadet Sèvre et Maine,,Gorges,Blanc,Melon,Muscadet Sèvre et Maine Gorges,1B702
AOP,,Muscadet Sèvre et Maine,,Clisson,Blanc,Melon,Muscadet Sèvre et Maine Clisson,1B701
AOP,,Muscadet Sèvre et Maine,,Le Pallet,Blanc,Melon,Muscadet Sèvre et Maine Le Pallet,1B703
AOP,,Muscadet Sèvre et Maine,Sur lie,,Blanc,Melon,Muscadet Sèvre et Maine Sur lie,1B230 01
AOP,,Quarts de Chaume,,,Blanc,Chenin,Quarts de Chaume,1B214L
AOP,,Rosé d'Anjou,,,Rosé,,Rosé d'Anjou,1S200D
AOP,,Rosé de Loire,,,Rosé,,Rosé de Loire,1S209S
AOP,,Saumur,,,Blanc,Chenin,Saumur Blanc,1B206
AOP,,Saumur,,,Rosé,,Saumur Rosé,1S206
AOP,,Saumur,,,Rouge,,Saumur Rouge,1R206S
AOP,,Saumur,,Puy-Notre-Dame,Rouge,,Saumur Puy-Notre-Dame,1R189S
AOP,,Saumur Champigny,,,Rouge,,Saumur Champigny,1R208
AOP,,Savennières,,,Blanc,Chenin,Savennières,1B216S
AOP,,Savennières,moelleux ou doux,,Blanc,Chenin,Savennières moelleux ou doux,1B216L
AOP,,Savennières,demi sec,,Blanc,Chenin,Savennières demi sec,1B216
AOP,,Coulée de Serrant,,,Blanc,Chenin,Coulée de Serrant,1B216S01
AOP,,Coulée de Serrant,moelleux ou doux,,Blanc,Chenin,Coulée de Serrant moelleux ou doux,1B216L01
AOP,,Savennières Roche aux moines,,,Blanc,Chenin,Savennières Roche aux moines,1B216S02
AOP,,Savennières Roche aux moines,moelleux ou doux,,Blanc,Chenin,Savennières Roche aux moines moelleux ou doux,1B216L02
AOP,,St Nicolas de Bourgueil,,,Rouge,Cabernet Franc,St Nicolas de Bourgueil Rouge,1R221S
AOP,,St Nicolas de Bourgueil,,,Rosé,Cabernet Franc,St Nicolas de Bourgueil Rosé,1S221S
AOP,,Touraine,,,Blanc,,Touraine Blanc,1B235S
AOP,,Touraine,,,Rouge,,Touraine Rouge,1R235S
AOP,,Touraine,,,Rouge,Gamay,Touraine Rouge Gamay,1R235S02
AOP,,Touraine,,,Rosé,,Touraine Rosé,1S235S
AOP,,Touraine,,Amboise,Blanc,Chenin,Touraine Amboise Blanc,1B236
AOP,,Touraine,,Amboise,Rouge,,Touraine Amboise Rouge,1R236S
AOP,,Touraine,,Amboise,Rosé,,Touraine Amboise Rosé,1S236
AOP,,Touraine,,Azay-le-rideau,Blanc,Chenin,Touraine Azay-le-rideau Blanc,1B237
AOP,,Touraine,,Azay-le-rideau,Rosé,,Touraine Azay-le-rideau Rosé,1S237S
AOP,,Touraine,,Mesland,Blanc,Chenin,Touraine Mesland Blanc,1B238
AOP,,Touraine,,Mesland,Rouge,,Touraine Mesland Rouge,1R238S
AOP,,Touraine,,Mesland,Rosé,,Touraine Mesland Rosé,1S238
AOP,,Touraine,,Chenonceaux,Blanc,Sauvignon,Touraine Chenonceaux Blanc,1B705S
AOP,,Touraine,,Chenonceaux,Rouge,,Touraine Chenonceaux Rouge,1R705S
AOP,,Touraine,,Oisly,Blanc,Sauvignon Blanc,Touraine Oisly Blanc,1B704S
AOP,,Touraine,Primeur,,Rouge,,Touraine Rouge Primeur,1R235S01
AOP,,Touraine Noble Joué,,,Rosé,,Touraine Noble Joué,1S239
AOP,,Vouvray,,,Blanc,,Vouvray,1B226
AOP,,Coteaux du Vendomois,,,Blanc,,Coteaux du Vendomois Blanc,1B218S
AOP,,Coteaux du Vendomois,,,Rouge,,Coteaux du Vendomois Rouge,1R218S
AOP,,Coteaux du Vendomois,,,Rosé,,Coteaux du Vendomois Rosé,1S218S
AOP,,Haut-Poitou,,,Blanc,,Haut-Poitou Blanc,1B713S
AOP,,Haut-Poitou,,,Rosé,,Haut-Poitou Rosé,1S713S
AOP,,Haut-Poitou,,,Rouge,,Haut-Poitou Rouge,1R713S
AOP,Mousseux,Anjou,,,Blanc,,Anjou Mousseux Blanc,1B200M 1
AOP,Mousseux,Anjou,,,Rosé,,Anjou Mousseux Rosé,1S200M 1
AOP,Mousseux,Crémant de Loire,,,Blanc,,Crémant de Loire Blanc,1B215M
AOP,Mousseux,Crémant de Loire,,,Rosé,,Crémant de Loire Rosé,1S215M
AOP,Mousseux,Saumur,,,Blanc,,Saumur Mousseux Blanc,1B205M 1
AOP,Mousseux,Saumur,,,Rosé,,Saumur Mousseux Rosé,1S205M 1
AOP,Mousseux,Touraine,,,Blanc,,Touraine Mousseux Blanc,1B235M 1
AOP,Mousseux,Touraine,,,Rosé,,Touraine Mousseux Rosé,1S235M 1
AOP,Mousseux,Vouvray,,,Blanc,,Vouvray Mousseux,1B226M 1
AOP,Mousseux,Vouvray,Pétillant,,Blanc,,Vouvray Pétillant,1B226P 1
AOP,VCI,St Nicolas de Bourgueil,,,Rouge,,VCI St Nicolas de Bourgueil Rouge,1R221S99
AOP,VCI,Cabernet d'Anjou,,,Rosé,,VCI Cabernet d'Anjou,1S201D99
AOP,VCI,Touraine,,,Blanc,,VCI Touraine Blanc,1B235S99
AOP,VCI,Vouvray,,,Blanc,,VCI Vouvray,1B226 99
AOP,VCI,Vouvray,,,Mousseux,,VCI Vouvray Mousseux,1B226M91
AOP,VCI,Chinon,,,Blanc,,VCI Chinon Blanc,1B222S99
AOP,VCI,Chinon,,,Rouge,,VCI Chinon Rouge,1R222S99
AOP,VCI,Crémant de Loire,,,Blanc,,VCI Crémant de Loire Blanc,1B215M99
AOP,VCI,Crémant de Loire,,,Rosé,,VCI Crémant de Loire Rosé,1S215M99
AOP,VCI,Saumur,,,Rouge,,VCI Saumur Rouge,1R170S99
AOP,VCI,Saumur Champigny,,,Rouge,,VCI Saumur Champigny,1R208 99
AOP,VCI,Muscadet Côtes de Grand Lieu,Sur lie,,,,VCI Muscadet Côtes de Grand Lieu Sur lie,1B227 91
AOP,VCI,Muscadet Côtes de Grand Lieu,,,,,VCI Muscadet Côtes de Grand Lieu,1B227 99
AOP,VCI,Muscadet AC,Sur lie,,,,VCI Muscadet AC Sur lie,1B228 91
AOP,VCI,Muscadet AC,,,,,VCI Muscadet AC,1B228 99
AOP,VCI,Muscadet Coteaux de la Loire,Sur lie,,,,VCI Muscadet Coteaux de la Loire Sur lie,1B229 91
AOP,VCI,Muscadet Coteaux de la Loire,,,,,VCI Muscadet Coteaux de la Loire,1B229 99
AOP,VCI,Muscadet Sèvre et Maine,,,,,VCI Muscadet Sèvre et Maine,1B230 99
AOP,VCI,Muscadet Sèvre et Maine,Sur lie,,,,VCI Muscadet Sèvre et Maine Sur lie,1B230 91
AOP,,Bourgueil,,,Rouge,Cabernet Franc,Bourgueil Rouge,1R220S
AOP,,Bourgueil,,,Rosé,Cabernet Franc,Bourgueil Rosé,1S220S
AOP,,Fiefs vendéens,,Brem,Blanc,,Fiefs vendéens Brem Blanc,1B709S
AOP,,Fiefs vendéens,,Brem,Rouge,,Fiefs vendéens Brem Rouge,1R709S
AOP,,Fiefs vendéens,,Brem,Rosé,,Fiefs vendéens Brem Rosé,1S709S
AOP,,Fiefs vendéens,,Mareuil,Blanc,,Fiefs vendéens Mareuil Blanc,1B710S
AOP,,Fiefs vendéens,,Mareuil,Rouge,,Fiefs vendéens Mareuil Rouge,1R710S
AOP,,Fiefs vendéens,,Mareuil,Rosé,,Fiefs vendéens Mareuil Rosé,1S710S
AOP,,Fiefs vendéens,,Pissotte,Blanc,,Fiefs vendéens Pissotte Blanc,1B711S
AOP,,Fiefs vendéens,,Pissotte,Rouge,,Fiefs vendéens Pissotte Rouge,1R711S
AOP,,Fiefs vendéens,,Pissotte,Rosé,,Fiefs vendéens Pissotte Rosé,1S711S
AOP,,Fiefs vendéens,,Vix,Blanc,,Fiefs vendéens Vix Blanc,1B712S 
AOP,,Fiefs vendéens,,Vix,Rouge,,Fiefs vendéens Vix Rouge,1R712S
AOP,,Fiefs vendéens,,Vix,Rosé,,Fiefs vendéens Vix Rosé,1S712S
AOP,,Fiefs vendéens,,Chantonnay,Rosé,,Fiefs vendéens Chantonnay Rosé,1S728S
AOP,,Fiefs vendéens,,Chantonnay,Blanc,,Fiefs vendéens Chantonnay Blanc,1B728S
AOP,,Fiefs vendéens,,Chantonnay,Rouge,,Fiefs vendéens Chantonnay Rouge,1R728S
AOP,,Montlouis sur Loire,,,Blanc,Chenin,Montlouis sur Loire,1B225
AOP,,Cheverny,,,Blanc,,Cheverny Blanc,1B231S
AOP,,Cheverny,,,Rosé,,Cheverny Rosé,1S231S
AOP,,Cheverny,,,Rouge,,Cheverny Rouge,1R231S
AOP,,Valençay,,,Blanc,,Valençay Blanc,1B233S
AOP,,Valençay,,,Rosé,,Valençay Rosé,1S233S
AOP,,Valençay,,,Rouge,,Valençay Rouge,1R233S
AOP,,Côte d'Auvergne,,,Blanc,,Côte d'Auvergne Blanc,1B714S 
AOP,,Côte d'Auvergne,,,Rouge,,Côte d'Auvergne Rouge,1R714S
AOP,,Côte d'Auvergne,,,Rosé,,Côte d'Auvergne Rosé,1S714S
AOP,,Orléans,,,Blanc,,Orléans Blanc,1B198 
AOP,,Orléans,,,Rouge,,Orléans Rouge,1R198
AOP,,Orléans,,,Rosé,,Orléans Rosé,1S198
AOP,,Orléans,,Cléry,Rouge,,Orléans Cléry,1R199
AOP,,Saint Pourçain,,,Blanc,,Saint Pourçain Blanc,1B430S 
AOP,,Saint Pourçain,,,Rouge,,Saint Pourçain Rouge,1R430S
AOP,,Saint Pourçain,,,Rosé,,Saint Pourçain Rosé,1S430S
AOP,,Alsace grand cru,SGN,,Blanc,,Alsace grand cru Blanc SGN,1B037D14
AOP,,Alsace grand cru,SGN,,Blanc,Riesling,Alsace grand cru Blanc SGN Riesling,1B037D14
AOP,,Gaillac,,,Rouge,,Gaillac Rouge,1R128S
AOP,,Gaillac,,,Rosé,,Gaillac Rosé,1S128S
AOP,,Gaillac,,,Blanc,,Gaillac Blanc,1B128S
AOP,,Autres que celles du Val de Loire,,,,,Autres que celles du Val de Loire,VT_IG_AOP
AOP,,Bordeaux supérieur,,,Rouge,,Bordeaux supérieur Rouge,1R105S2
AOP,,Côtes du Rhône Villages,,,Rouge,,Côtes du Rhône Villages Rouge,1R531
AOP,,Côtes du Rhône Villages,,,Blanc,,Côtes du Rhône Villages Blanc,1B531
AOP,,Côtes de Provence,,,Rouge,,Côtes de Provence Rouge,1R582S
AOP,,Côtes de Provence,,,Blanc,,Côtes de Provence Blanc,1B582S
AOP,,Côtes de Provence,,,Rosé,,Côtes de Provence Rosé,1S582S
AOP,,Coteaux d'Aix-en-Provence,,,Rosé,,Coteaux d'Aix-en-Provence Rosé,1S579S
AOP,,Saint Emilion,,,Rouge,,Saint Emilion,1R156S
AOP,,Saint Emilion Grand Cru,,,Rouge,,Saint Emilion Grand Cru,1R157S
AOP,,Cour-Cheverny,,,Blanc,,Cour-Cheverny,1B232S
AOP,,Cour-Cheverny,moelleux ou doux,,Blanc,,Cour-Cheverny moelleux ou doux,1B232L
AOP,,Beaujolais,,,Rouge,,Beaujolais Rouge,1R300
AOP,,Beaujolais,,,Blanc,,Beaujolais Blanc,1B300
AOP,,Beaujolais,,Leynes,Rouge,,Beaujolais Leynes Rouge,1R301 35
AOP,,Beaujolais,Primeur,,Rosé,,Beaujolais Rosé Primeur,1S300 01
AOP,,Côtes de Bourg,,,Rouge,,Côtes de Bourg Rouge,1R108S
AOP,,Bordeaux,,,Rouge,,Bordeaux Rouge,1R105S
AOP,,Bordeaux,,,Blanc,Bordeaux,Bordeaux Blanc,1B105
AOP,,Lussac Saint-Emilion,,,,,Lussac Saint-Emilion,1R139S
AOP,,Graves,,,Rouge,,Graves Rouge,1R130S
AOP,,Côtes du Rhône,,,Rouge,,Côtes du Rhône Rouge,1R530 
AOP,,Côtes du Rhône,,,Rosé,,Côtes du Rhône Rosé,1S530
AOP,,Blaye,,,Rouge,,Blaye Rouge,1R104S
AOP,,Médoc,,,,,Médoc,1R143S
AOP,,Entre-Deux-Mers,,,,,Entre-Deux-Mers,1B125S
AOP,,Côtes de Duras,,,Rouge,,Côtes de Duras Rouge,1R117S
AOP,,Pauillac,,,,,Pauillac,1R148S
AOP,,Margaux,,,,,Margaux,1R142S
AOP,,Haut-Médoc,,,,,Haut-Médoc,1R132S
AOP,,Ventoux,,,Rouge,,Ventoux Rouge,1R534S
AOP,,Ventoux,,,Blanc,,Ventoux Blanc,1B534S
AOP,,Ventoux,,,Rosé,,Ventoux Rosé,1S534S
AOP,,Pessac-Léognan,,,Rouge,,Pessac-Léognan Rouge,1R150S
AOP,,Pessac-Léognan,,,Blanc,,Pessac-Léognan Blanc,1B150S
AOP,,Bergerac,,,Rouge,,Bergerac Rouge,1R103S
AOP,,Bergerac,,,Rosé,,Bergerac Rosé,1S103
AOP,,Bergerac,,,Blanc,,Bergerac Blanc,1B103S
AOP,,Bourgogne,,,Blanc,,Bourgogne Blanc,1B309
AOP,,Bourgogne,,,Rouge,,Bourgogne Rouge,1R309
AOP,,Côtes Roannaises,,,Rouge,,Côtes Roannaises Rouge,1R359
AOP,,Alsace,,,Blanc,Edelzwicker,Alsace Blanc Edelzwicker,1B001S
AOP,,Alsace,,,Blanc,Gewurztraminer,Alsace Blanc Gewurztraminer,1B001S 1
AOP,,Alsace,,,Blanc,Riesling,Alsace Blanc Riesling,1B001S 4
AOP,,Alsace,,,Rouge,Pinot Noir,Alsace Rouge Pinot Noir,1R001S
AOP,,Cotes de Bergerac,,,Blanc,,Cotes de Bergerac Blanc,1B103D
AOP,,Cotes de Bergerac,,,Rouge,,Cotes de Bergerac Rouge,1R103S 1
AOP,,Loupiac,,,,,Loupiac,1B138L
AOP,,Sauternes,,,,,Sauternes,1B164L
AOP,,Pacherenc du Vic Bilh,,,,,Pacherenc du Vic Bilh,1B166L
AOP,,Chablis,,,,,Chablis,1B296
AOP,,Bourgogne Aligoté,,,,,Bourgogne Aligoté,1B322
AOP,,Macon Villages,,,Blanc,,Macon Villages Blanc,1B370
AOP,,Macon Villages,Primeur,,Blanc,,Macon Villages Blanc Primeur,1B370 01
AOP,,Meursault,,,Blanc,,Meursault Blanc,1B394
AOP,,Pouilly-Fuissé,,,,,Pouilly-Fuissé,1B399
AOP,,Saint-Véran,,,,,Saint-Véran,1B422
AOP,,Chignin,,,Blanc,,Chignin Blanc,1B448S
AOP,,Cotes du Roussillon,,,Blanc,,Cotes du Roussillon Blanc,1B480S
AOP,,Limoux,,,Blanc,,Limoux Blanc,1B483S
AOP,,Limoux,,,Rouge,,Limoux Rouge,1R483S
AOP,,Picpoul de Pinet,,,,,Picpoul de Pinet,1B512
AOP,,Faugères,,,Blanc,,Faugères Blanc,1B515
AOP,,Faugères,,,Rouge,,Faugères Rouge,1R515
AOP,,Faugères,,,Rosé,,Faugères Rosé,1S515
AOP,,Minervois,,,Blanc,,Minervois Blanc,1B517
AOP,,Minervois,,,Rouge,,Minervois Rouge,1R517
AOP,,Condrieu,,,,,Condrieu,1B525
AOP,,Crozes Hermitage,,,Blanc,,Crozes Hermitage Blanc,1B542
AOP,,Crozes Hermitage,,,Rouge,,Crozes Hermitage Rouge,1R542
AOP,,Buzet,,,Rouge,,Buzet Rouge,1R109S
AOP,,Buzet,,,Rosé,,Buzet Rosé,1S109S
AOP,,Cotes du Marmandais,,,Rouge,,Cotes du Marmandais Rouge,1R124S
AOP,,Fronsac,,,,,Fronsac,1R127S
AOP,,Lalande de Pomerol,,,,,Lalande de Pomerol,1R136S
AOP,,Madiran,,,,,Madiran,1R140S
AOP,,Montagne Saint Emilion,,,,,Montagne Saint Emilion,1R145S
AOP,,Saint-Julien,,,,,Saint-Julien,1R160S
AOP,,Rasteau,,,Rouge,,Rasteau Rouge,1R187S
AOP,,Rivesaltes,,,Rouge,,Rivesaltes Rouge,1R188N02
AOP,,Gevrey Chambertin,,,,,Gevrey Chambertin,1R248
AOP,,Santenay,,,Rouge,,Santenay Rouge,1R279
AOP,,Bourgogne Hautes Cotes de Beaune,,,Rouge,,Bourgogne Hautes Cotes de Beaune Rouge,1R317
AOP,,Bourgogne Hautes Cotes de Nuit,,,Rouge,,Bourgogne Hautes Cotes de Nuit Rouge,1R318
AOP,,Coteaux Bourguignons,,,Rouge,,Coteaux Bourguignons Rouge,1R320
AOP,,Brouilly,,,,,Brouilly,1R325
AOP,,Cotes de Brouilly,,,,,Cotes de Brouilly,1R326
AOP,,Chénas,,,,,Chénas,1R344
AOP,,Chiroubles,,,,,Chiroubles,1R345
AOP,,Cotes de Beaune Villages,,,,,Cotes de Beaune Villages,1R354
AOP,,Fleurie,,,,,Fleurie,1R365
AOP,,Juliénas,,,,,Juliénas,1R367
AOP,,Morgon,,,,,Morgon,1R390
AOP,,Moulin à Vent,,,,,Moulin à Vent,1R391
AOP,,Pommard,,,,,Pommard,1R411
AOP,,Saint-Amour,,,,,Saint-Amour,1R421
AOP,,Cotes du Roussillon Villages,,,Rouge,,Cotes du Roussillon Villages Rouge,1R481S
AOP,,Fitou,,,,,Fitou,1R482S
AOP,,Terrasses du Larzac,,,,,Terrasses du Larzac,1R488
AOP,,Corbières,,,Rouge,,Corbières Rouge,1R493
AOP,,Languedoc,,,Rouge,,Languedoc Rouge,1R495 
AOP,,Languedoc,,Pezenas,Rouge,,Languedoc Pezenas Rouge,1R510
AOP,,Saint-Chinian,,,Rouge,,Saint-Chinian Rouge,1R518
AOP,,Saint-Chinian,,,Rosé,,Saint-Chinian Rosé,1S518
AOP,,Cornas,,,,,Cornas,1R526
AOP,,Chateauneuf-du-Pape,,,Rouge,,Chateauneuf-du-Pape Rouge,1R532S
AOP,,Gigondas,,,Rouge,,Gigondas Rouge,1R535S
AOP,,Vacqueyras,,,Rouge,,Vacqueyras Rouge,1R538S
AOP,,Cairanne,,,Rouge,,Cairanne Rouge,1R544
AOP,,Saint-Joseph,,,Rouge,,Saint-Joseph Rouge,1R545
AOP,,Luberon,,,Rosé,,Luberon Rosé,1S533S
AOP,,Gard,,,Rosé,,Gard Rosé,3S301
AOP,,Côtes de Bordeaux,,,Rouge,,Côtes de Bordeaux Rouge,1R120S
AOP,Mousseux,Montlouis sur Loire,,,Blanc,Chenin,Montlouis sur Loire Mousseux,1B225M 1
AOP,Mousseux,Montlouis sur Loire,Pétillant,,Blanc,Chenin,Montlouis sur Loire Pétillant,1B225P 1
AOP,Mousseux,Autres que celles du Val de Loire,,,,,Autres que celles du Val de Loire Mousseux,VM_IG_AOP
AOP,Mousseux,Champagne,,,Blanc,,Champagne Blanc,1B080M 1
AOP,Mousseux,Champagne,,,Rosé,,Champagne Rosé,1S080M 1
AOP,VCI,Bourgueil,,,Rouge,,VCI Bourgueil Rouge,1R220S99
AOP,,Châteaumeillant,,,Rouge,,Châteaumeillant Rouge,1R700
AOP,,Châteaumeillant,,,Rosé,,Châteaumeillant Rosé,1S700
AOP,,Sancerre,,,Blanc,,Sancerre Blanc,1B195S
AOP,,Sancerre,,,Rouge,,Sancerre Rouge,1R196S
AOP,,Sancerre,,,Rosé,,Sancerre Rosé,1S196S
AOP,,Pouilly-Fumé,,,Blanc,,Pouilly-Fumé,1B192S
AOP,,Pouilly-sur-Loire,,,Blanc,,Pouilly-sur-Loire,1B191S
AOP,,Menetou-Salon,,,Blanc,,Menetou-Salon Blanc,1B190S
AOP,,Menetou-Salon,,,Rouge,,Menetou-Salon Rouge,1R190S
AOP,,Menetou-Salon,,,Rosé,,Menetou-Salon Rosé,1S190S
AOP,,Quincy,,,Blanc,,Quincy,1B193S
AOP,,Reuilly,,,Blanc,,Reuilly Blanc,1B194S
AOP,,Reuilly,,,Rouge,,Reuilly Rouge,1R194S
AOP,,Reuilly,,,Rosé,,Reuilly Rosé,1S194S
AOP,,Coteaux du Giennois,,,Blanc,,Coteaux du Giennois Blanc,1B197S
AOP,,Coteaux du Giennois,,,Rouge,,Coteaux du Giennois Rouge,1R197S
AOP,,Coteaux du Giennois,,,Rosé,,Coteaux du Giennois Rosé,1S197S
AOP,VCI,Menetou-Salon,,,Blanc,,VCI Menetou-Salon Blanc,1B190S99
AOP,VCI,Quincy,,,Blanc,,VCI Quincy Blanc,1B193S99
AOP,VCI,Reuilly,,,Blanc,,VCI Reuilly Blanc,1B194S99
IGP,,Val de Loire,,,Blanc,,IGP Val de Loire Blanc,3B009
IGP,,Val de Loire,,,Blanc,Multi cépage,IGP Val de Loire Blanc Multi cépage,3B009 00
IGP,,Val de Loire,,,Blanc,Pinot blanc,IGP Val de Loire Blanc Pinot blanc,3B009 59
IGP,,Val de Loire,,,Blanc,Pinot gris,IGP Val de Loire Blanc Pinot gris,3B009 AA
IGP,,Val de Loire,,,Blanc,Sauvignon blanc,IGP Val de Loire Blanc Sauvignon blanc,3B009 AE
IGP,,Val de Loire,,,Blanc,Sauvignon gris,IGP Val de Loire Blanc Sauvignon gris,3B009 AF
IGP,,Val de Loire,,,Blanc,Chardonnay,IGP Val de Loire Blanc Chardonnay,3B009 CA
IGP,,Val de Loire,,,Blanc,Chenin,IGP Val de Loire Blanc Chenin,3B009 CF
IGP,,Val de Loire,,,Blanc,Folle blanche,IGP Val de Loire Blanc Folle blanche,3B009 CL
IGP,,Val de Loire,,,Blanc,Grolleau gris,IGP Val de Loire Blanc Grolleau gris,3B009 CU
IGP,,Val de Loire,,,Blanc,Melon,IGP Val de Loire Blanc Melon,3B009 DK
IGP,,Val de Loire,,,Rosé,,IGP Val de Loire Rosé,3S009
IGP,,Val de Loire,,,Rosé,Multi cépage,IGP Val de Loire Rosé Multi cépage,3S009 00
IGP,,Val de Loire,,,Rosé,Pinot noir,IGP Val de Loire Rosé Pinot noir,3S009 AB
IGP,,Val de Loire,,,Rosé,Egiodola,IGP Val de Loire Rosé Egiodola,3S009 AI
IGP,,Val de Loire,,,Rosé,Cabernet franc,IGP Val de Loire Rosé Cabernet franc,3S009 BW
IGP,,Val de Loire,,,Rosé,Cabernet sauvignon,IGP Val de Loire Rosé Cabernet sauvignon,3S009 BX
IGP,,Val de Loire,,,Rosé,Gamay noir,IGP Val de Loire Rosé Gamay noir,3S009 CM
IGP,,Val de Loire,,,Rosé,Grolleau noir,IGP Val de Loire Rosé Grolleau noir,3S009 CT
IGP,,Val de Loire,,,Rosé,Cot,IGP Val de Loire Rosé Cot,3S009 CZ
IGP,,Val de Loire,,,Rosé,Merlot,IGP Val de Loire Rosé Merlot,3S009 DE
IGP,,Val de Loire,,,Rosé,Abouriou,IGP Val de Loire Rosé Abouriou,3S009 35
IGP,,Val de Loire,,,Rosé,Pineau d'Aunis,IGP Val de Loire Rosé Pineau d'Aunis,3S009 58
IGP,,Val de Loire,,,Rouge,,IGP Val de Loire Rouge,3R009
IGP,,Val de Loire,,,Rouge,Multi cépage,IGP Val de Loire Rouge Multi cépage,3R009 00
IGP,,Val de Loire,,,Rouge,Pinot noir,IGP Val de Loire Rouge Pinot noir,3R009 AB
IGP,,Val de Loire,,,Rouge,Cabernet franc,IGP Val de Loire Rouge Cabernet franc,3R009 BW
IGP,,Val de Loire,,,Rouge,Cabernet sauvignon,IGP Val de Loire Rouge Cabernet sauvignon,3R009 BX
IGP,,Val de Loire,,,Rouge,Gamay noir,IGP Val de Loire Rouge Gamay noir,3R009 CM
IGP,,Val de Loire,,,Rouge,Grolleau noir,IGP Val de Loire Rouge Grolleau noir,3R009 CT
IGP,,Val de Loire,,,Rouge,Cot,IGP Val de Loire Rouge Cot,3R009 CZ
IGP,,Val de Loire,,,Rouge,Merlot,IGP Val de Loire Rouge Merlot,3R009 DE
IGP,,Val de Loire,,,Rouge,Abouriou,IGP Val de Loire Rouge Abouriou,3R009 35
IGP,,Val de Loire,,,Rouge,Pineau d'Aunis,IGP Val de Loire Rouge Pineau d'Aunis,3R009 58
IGP,,Côtes de la Charité,,,Blanc,,IGP Côtes de la Charité Blanc,3B582
IGP,,Côtes de la Charité,,,Rouge,,IGP Côtes de la Charité Rouge,3R582
IGP,,Côtes de la Charité,,,Rosé,,IGP Côtes de la Charité Rosé,3S582
IGP,,Coteaux du Cher et de l'Arnon,,,Blanc,,IGP Coteaux du Cher et de l'Arnon Blanc,3B182
IGP,,Coteaux du Cher et de l'Arnon,,,Rouge,,IGP Coteaux du Cher et de l'Arnon Rouge,3R182
IGP,,Coteaux du Cher et de l'Arnon,,,Rosé,,IGP Coteaux du Cher et de l'Arnon Rosé,3S182
IGP,,Côteaux de Tannay,,,Blanc,,IGP Côteaux de Tannay Blanc,3B583
IGP,,Côteaux de Tannay,,,Rouge,,IGP Côteaux de Tannay Rouge,3R583
IGP,,Côteaux de Tannay,,,Rosé,,IGP Côteaux de Tannay Rosé,3S583
IGP,,Oc,,,Blanc,,IGP Oc Blanc,3B001
IGP,,Oc,,,Blanc,Multi cépage,IGP Oc Blanc Multi cépage,3B001 00
IGP,,Oc,,,Blanc,Sauvignon blanc,IGP Oc Blanc Sauvignon blanc,3B001 AE
IGP,,Oc,,,Blanc,Chardonnay,IGP Oc Blanc Chardonnay,3B001 CA
IGP,,Oc,,,Rosé,,IGP Oc Rosé,3S001
IGP,,Oc,,,Rosé,Multi cépage,IGP Oc Rosé Multi cépage,3S001 00
IGP,,Oc,,,Rosé,Cabernet sauvignon,IGP Oc Rosé Cabernet sauvignon,3S001 BX
IGP,,Oc,,,Rosé,Merlot,IGP Oc Rosé Merlot,3S001 DE
IGP,,Oc,,,Rosé,Syrah,IGP Oc Rosé Syrah,3S001 AI
IGP,,Oc,,,Rosé,Grenache,IGP Oc Rosé Grenache,3S001 CR
IGP,,Oc,,,Rouge,,IGP Oc Rouge,3R001
IGP,,Oc,,,Rouge,Merlot,IGP Oc Rouge Merlot,3R001 DE
IGP,,Oc,,,Rouge,Pinot noir,IGP Oc Rouge Pinot noir,3R001 AB
IGP,,Oc,,,Rouge,Cabernet sauvignon,IGP Oc Rouge Cabernet sauvignon,3R001 BX
IGP,,Oc,,,Rouge,Multi cépage,IGP Oc Rouge Multi cépage,3R001 00
IGP,,Oc,,,Rouge,Syrah,IGP Oc Rouge Syrah,3R001 AI
IGP,,Oc,,,Rouge,Cabernet franc,IGP Oc Rouge Cabernet franc,3R001 BW
IGP,,Autres que celles du Val de Loire,,,,,IGP Autres que celles du Val de Loire,VT_IG_IGP
IGP,,Calvados,,,Blanc,,IGP Calvados Blanc,3B141
IGP,,Calvados,,,Rouge,,IGP Calvados Rouge,3R141
IGP,,Allobrogie,,,Blanc,,IGP Allobrogie Blanc,3B732
IGP,,Allobrogie,,,Rouge,,IGP Allobrogie Rouge,3R732
IGP,,Côtes de Thongue,,,Rouge,,IGP Côtes de Thongue Rouge,3R954 
IGP,,Pays d'Hérault,,,Rouge,,IGP Pays d'Hérault Rouge,3R341 
IGP,,Côtes de Thau,,,Rouge,,IGP Côtes de Thau Rouge,3R953 
IGP,,Côtes de Thau,,,Blanc,,IGP Côtes de Thau Blanc,3B953 
IGP,,Côtes de Gascogne,,,Rouge,,IGP Côtes de Gascogne Rouge,3R323 
IGP,,Côtes de Gascogne,,,Rosé,,IGP Côtes de Gascogne Rosé,3S323 
IGP,,Côtes de Gascogne,,,Blanc doux,,IGP Côtes de Gascogne Blanc doux,3B323 
IGP,,Côtes de Gascogne,,,Blanc sec,,IGP Côtes de Gascogne Blanc sec,3B323 
IGP,,Méditerranée,,,Rouge,,IGP Méditerranée Rouge,3R007
IGP,,Méditerranée,,,Rosé,,IGP Méditerranée Rosé,3S007
IGP,,Comté Tolosan,,,Blanc,Sauvignon blanc,IGP Comté Tolosan Blanc Sauvignon blanc,3B003 AE
IGP,,Cotes Catalanes,,,Blanc,,IGP Cotes Catalanes Blanc,3B664
IGP,,Cotes Catalanes,,,Rouge,,IGP Cotes Catalanes Rouge,3R664
IGP,,Cotes du Tarn,,,Blanc,Sauvignon blanc,IGP Cotes du Tarn Blanc Sauvignon blanc,3B812 AE
IGP,,Cotes du Tarn,,,Rosé,,IGP Cotes du Tarn Rosé,3S812
IGP,,Gard,,,Rouge,,IGP Gard Rouge,3R301
IGP,,Aude,,,Rosé,,IGP Aude Rosé,3S111
IGP,,Ile de Beauté,,,Rosé,,IGP Ile de Beauté Rosé,3S202
IGP,,mousseux,,,,,IGP mousseux,VM_IG_IGP
Autres vins,,Vins sans IG,,,Blanc,,Vins sans IG Blanc,4B999
Autres vins,,Vins sans IG,,,Rouge,,Vins sans IG Rouge,4R999
Autres vins,,Vins sans IG,,,Rosé,,Vins sans IG Rosé,4S999
Autres vins,,Vins tranquilles étrangers,,,,,Vins tranquilles étrangers,VT_ETRANGERS
Autres vins,Mousseux,Vins sans IG,,,Blanc,,Vins sans IG Mousseux Blanc,4B999M
Autres vins,Mousseux,Vins sans IG,,,Rouge,,Vins sans IG Mousseux Rouge,4R999M
Autres vins,Mousseux,Vins sans IG,,,Rosé,,Vins sans IG Mousseux Rosé,4S999M
Autres vins,Mousseux,Vins mousseux étrangers,,,,,Vins mousseux étrangers,VM_ETRANGERS
Autres alcools,,Bière > 2.8°,,,,,Bière > 2.8°,BIERE_SUP_2_8_BRASSERIE_TAUX_NORMAL
Autres alcools,,Bière < 2.8°,,,,,Bière < 2.8°,BIERE_INF_2_8
Autres alcools,,Cidres. Poirés,,,,,Cidres. Poirés,CIDRES
Autres alcools,,Porto. Pineau > 18°,,,,,Porto. Pineau > 18°,AUTRES_PI_SUP_18
Autres alcools,,Rhums des DOM,,,,,Rhums des DOM,RHUM_TRADITIONNEL_DOM_ART_1
Autres alcools,,Porto. Pineau < 18°,,,,,Porto. Pineau < 18°,AUTRES_PI_INF_18
Autres alcools,,Vins de liqueur et Vins doux naturels > 18°,,,,,Vins de liqueur et Vins doux naturels > 18°,VDN_VDL_AOP_SUP_18
Autres alcools,,Vins de liqueur et Vins doux naturels < 18°,,,,,Vins de liqueur et Vins doux naturels < 18°,VDN_VDL_AOP_INF_18
Autres alcools,,Autres alcools < 18°,,,,,Autres alcools < 18°,ALCOOL_AUTRE_INF_18
Autres alcools,,Autres alcools > 18°,,,,,Autres alcools > 18°,ALCOOL_AUTRE_SUP_18
Autres,,,Lies et Bourbes,,,,Lies et Bourbes,4X999V
Autres,,,Lies. Bourbes et vins à éliminer,,,,Lies. Bourbes et vins à éliminer,5X999V
Autres,,DRA (Dépassement de Rendement Autorisé),,,Blanc,,DRA (Dépassement de Rendement Autorisé) Blanc,4B988Y
Autres,,DRA (Dépassement de Rendement Autorisé),,,Rouge,,DRA (Dépassement de Rendement Autorisé) Rouge,4R988Y
